chr	window_start	reads_all	matches	matchrate
chr1	0	0	0	0
chr1	100	0	0	0
chr1	200	0	0	0
chr1	300	0	0	0
chr1	400	0	0	0
chr1	500	0	0	0
chr1	600	0	0	0
chr1	700	0	0	0
chr1	800	0	0	0
chr1	900	0	0	0
chr1	1000	0	0	0
chr1	1100	0	0	0
chr1	1200	0	1	0
chr1	1300	0	100	0
chr1	1400	0	137	0
chr1	1500	0	200	0
chr1	1600	0	200	0
chr1	1700	0	236	0
chr1	1800	0	300	0
chr1	1900	0	300	0
chr1	2000	0	300	0
chr1	2100	0	300	0
chr1	2200	0	300	0
chr1	2300	0	300	0
chr1	2400	0	305	0
chr1	2500	0	465	0
chr1	2600	0	500	0
chr1	2700	0	500	0
chr1	2800	0	500	0
chr1	2900	0	533	0
chr1	3000	0	600	0
chr1	3100	0	600	0
chr1	3200	0	600	0
chr1	3300	0	600	0
chr1	3400	0	600	0
chr1	3500	0	600	0
chr1	3600	0	600	0
chr1	3700	0	640	0
chr1	3800	0	898	0
chr1	3900	0	900	0
chr1	4000	0	900	0
chr1	4100	0	900	0
chr1	4200	0	900	0
chr1	4300	0	900	0
chr1	4400	0	900	0
chr1	4500	0	900	0
chr1	4600	0	900	0
chr1	4700	0	900	0
chr1	4800	0	900	0
chr1	4900	0	900	0
chr1	5000	0	900	0
chr1	5100	0	900	0
chr1	5200	0	900	0
chr1	5300	0	900	0
chr1	5400	0	900	0
chr1	5500	0	900	0
chr1	5600	0	900	0
chr1	5700	0	900	0
chr1	5800	0	900	0
chr1	5900	0	900	0
chr1	6000	0	900	0
chr1	6100	0	900	0
chr1	6200	0	900	0
chr1	6300	0	900	0
chr1	6400	0	900	0
chr1	6500	0	900	0
chr1	6600	0	900	0
chr1	6700	0	900	0
chr1	6800	0	969	0
chr1	6900	0	1000	0
chr1	7000	0	1000	0
chr1	7100	0	1000	0
chr1	7200	0	1042	0
chr1	7300	0	1100	0
chr1	7400	0	1100	0
chr1	7500	0	1100	0
chr1	7600	0	1100	0
chr1	7700	0	1100	0
chr1	7800	0	1100	0
chr1	7900	0	1100	0
chr1	8000	0	1100	0
chr1	8100	0	1100	0
chr1	8200	0	1100	0
chr1	8300	0	1100	0
chr1	8400	0	1107	0
chr1	8500	0	1200	0
chr1	8600	0	1200	0
chr1	8700	0	1200	0
chr1	8800	0	1200	0
chr1	8900	0	1200	0
chr1	9000	0	1200	0
chr1	9100	0	1200	0
chr1	9200	0	1217	0
chr1	9300	0	1300	0
chr1	9400	0	1346	0
chr1	9500	0	1400	0
chr1	9600	0	1400	0
chr1	9700	0	1400	0
chr1	9800	0	1400	0
chr1	9900	0	1400	0
chr1	10000	0	1400	0
chr1	10100	0	1400	0
chr1	10200	0	1490	0
chr1	10300	0	1600	0
chr1	10400	0	1648	0
chr1	10500	0	1700	0
chr1	10600	0	1700	0
chr1	10700	0	1700	0
chr1	10800	0	1700	0
chr1	10900	0	1700	0
chr1	11000	0	1700	0
chr1	11100	0	1700	0
chr1	11200	0	1700	0
chr1	11300	0	1700	0
chr1	11400	0	1700	0
chr1	11500	0	1700	0
chr1	11600	0	1700	0
chr1	11700	0	1700	0
chr1	11800	0	1700	0
chr1	11900	0	1700	0
chr1	12000	0	1700	0
chr1	12100	0	1700	0
chr1	12200	0	1700	0
chr1	12300	0	1700	0
chr1	12400	0	1731	0
chr1	12500	0	1835	0
chr1	12600	0	1900	0
chr1	12700	0	1900	0
chr1	12800	0	1837	0
chr1	12900	0	1800	0
chr1	13000	0	1778	0
chr1	13100	0	1700	0
chr1	13200	0	1700	0
chr1	13300	0	1700	0
chr1	13400	0	1700	0
chr1	13500	0	1685	0
chr1	13600	0	1508	0
chr1	13700	0	1400	0
chr1	13800	0	1400	0
chr1	13900	0	1400	0
chr1	14000	0	1400	0
chr1	14100	0	1400	0
chr1	14200	0	1400	0
chr1	14300	0	1400	0
chr1	14400	0	1400	0
chr1	14500	0	1400	0
chr1	14600	0	1400	0
chr1	14700	0	1486	0
chr1	14800	0	1463	0
chr1	14900	0	1306	0
chr1	15000	0	1300	0
chr1	15100	0	1300	0
chr1	15200	0	1300	0
chr1	15300	0	1269	0
chr1	15400	0	1200	0
chr1	15500	0	1133	0
chr1	15600	0	1100	0
chr1	15700	0	1100	0
chr1	15800	0	1100	0
chr1	15900	0	1100	0
chr1	16000	0	1100	0
chr1	16100	0	1100	0
chr1	16200	0	1100	0
chr1	16300	0	1100	0
chr1	16400	0	1100	0
chr1	16500	0	1132	0
chr1	16600	0	1200	0
chr1	16700	0	1200	0
chr1	16800	0	1200	0
chr1	16900	0	1200	0
chr1	17000	0	1200	0
chr1	17100	0	1200	0
chr1	17200	0	1200	0
chr1	17300	0	1200	0
chr1	17400	0	1200	0
chr1	17500	0	1200	0
chr1	17600	0	1200	0
chr1	17700	0	1200	0
chr1	17800	0	1200	0
chr1	17900	0	1200	0
chr1	18000	0	1200	0
chr1	18100	0	1200	0
chr1	18200	0	1200	0
chr1	18300	0	1200	0
chr1	18400	0	1200	0
chr1	18500	0	1199	0
chr1	18600	0	1140	0
chr1	18700	0	1200	0
chr1	18800	0	1200	0
chr1	18900	0	1200	0
chr1	19000	0	1200	0
chr1	19100	0	1106	0
chr1	19200	0	1100	0
chr1	19300	0	1100	0
chr1	19400	0	1177	0
chr1	19500	0	1200	0
chr1	19600	0	1200	0
chr1	19700	0	1134	0
chr1	19800	0	1100	0
chr1	19900	0	1100	0
chr1	20000	0	1100	0
chr1	20100	0	1100	0
chr1	20200	0	1100	0
chr1	20300	0	1100	0
chr1	20400	0	1100	0
chr1	20500	0	1100	0
chr1	20600	0	1043	0
chr1	20700	0	1066	0
chr1	20800	0	1100	0
chr1	20900	0	1100	0
chr1	21000	0	1100	0
chr1	21100	0	1100	0
chr1	21200	0	1001	0
chr1	21300	0	1000	0
chr1	21400	0	1058	0
chr1	21500	0	991	0
chr1	21600	0	965	0
chr1	21700	0	1000	0
chr1	21800	0	1051	0
chr1	21900	0	1200	0
chr1	22000	0	1200	0
chr1	22100	0	1121	0
chr1	22200	0	1100	0
chr1	22300	0	1100	0
chr1	22400	0	1154	0
chr1	22500	0	1200	0
chr1	22600	0	1200	0
chr1	22700	0	1200	0
chr1	22800	0	1200	0
chr1	22900	0	1251	0
chr1	23000	0	1300	0
chr1	23100	0	1300	0
chr1	23200	0	1371	0
chr1	23300	0	1400	0
chr1	23400	0	1400	0
chr1	23500	0	1400	0
chr1	23600	0	1400	0
chr1	23700	0	1400	0
chr1	23800	0	1400	0
chr1	23900	0	1400	0
chr1	24000	0	1344	0
chr1	24100	0	1232	0
chr1	24200	0	1320	0
chr1	24300	0	1400	0
chr1	24400	0	1400	0
chr1	24500	0	1400	0
chr1	24600	0	1400	0
chr1	24700	0	1419	0
chr1	24800	0	1558	0
chr1	24900	0	1600	0
chr1	25000	0	1685	0
chr1	25100	0	1700	0
chr1	25200	0	1752	0
chr1	25300	0	1800	0
chr1	25400	0	1800	0
chr1	25500	0	1800	0
chr1	25600	0	1800	0
chr1	25700	0	1800	0
chr1	25800	0	1800	0
chr1	25900	0	1800	0
chr1	26000	0	1800	0
chr1	26100	0	1800	0
chr1	26200	0	1941	0
chr1	26300	0	2000	0
chr1	26400	0	2000	0
chr1	26500	0	1936	0
chr1	26600	0	1900	0
chr1	26700	0	1900	0
chr1	26800	0	1900	0
chr1	26900	0	1900	0
chr1	27000	0	1900	0
chr1	27100	0	1900	0
chr1	27200	0	1900	0
chr1	27300	0	1900	0
chr1	27400	0	1900	0
chr1	27500	0	1900	0
chr1	27600	0	1900	0
chr1	27700	0	1900	0
chr1	27800	0	1900	0
chr1	27900	0	1900	0
chr1	28000	0	1900	0
chr1	28100	0	1900	0
chr1	28200	0	1900	0
chr1	28300	0	1873	0
chr1	28400	0	1974	0
chr1	28500	0	2000	0
chr1	28600	0	2000	0
chr1	28700	0	2000	0
chr1	28800	0	2000	0
chr1	28900	0	2059	0
chr1	29000	0	2100	0
chr1	29100	0	2100	0
chr1	29200	0	2100	0
chr1	29300	0	2100	0
chr1	29400	0	2100	0
chr1	29500	0	2136	0
chr1	29600	0	2200	0
chr1	29700	0	2200	0
chr1	29800	0	2200	0
chr1	29900	0	2200	0
chr1	30000	0	2267	0
chr1	30100	0	2300	0
chr1	30200	0	2283	0
chr1	30300	0	2200	0
chr1	30400	0	2258	0
chr1	30500	0	2300	0
chr1	30600	0	2300	0
chr1	30700	0	2276	0
chr1	30800	0	2200	0
chr1	30900	0	2284	0
chr1	31000	0	2300	0
chr1	31100	0	2300	0
chr1	31200	0	2300	0
chr1	31300	0	2300	0
chr1	31400	0	2300	0
chr1	31500	0	2300	0
chr1	31600	0	2300	0
chr1	31700	0	2300	0
chr1	31800	0	2300	0
chr1	31900	0	2300	0
chr1	32000	0	2300	0
chr1	32100	0	2300	0
chr1	32200	0	2276	0
chr1	32300	0	2200	0
chr1	32400	0	2200	0
chr1	32500	0	2200	0
chr1	32600	0	2200	0
chr1	32700	0	2261	0
chr1	32800	0	2300	0
chr1	32900	0	2300	0
chr1	33000	0	2300	0
chr1	33100	0	2370	0
chr1	33200	0	2445	0
chr1	33300	0	2505	0
chr1	33400	0	2600	0
chr1	33500	0	2507	0
chr1	33600	0	2500	0
chr1	33700	0	2404	0
chr1	33800	0	2322	0
chr1	33900	0	2300	0
chr1	34000	0	2300	0
chr1	34100	0	2300	0
chr1	34200	0	2250	0
chr1	34300	0	2200	0
chr1	34400	0	2200	0
chr1	34500	0	2278	0
chr1	34600	0	2210	0
chr1	34700	0	2200	0
chr1	34800	0	2200	0
chr1	34900	0	2123	0
chr1	35000	0	2197	0
chr1	35100	0	2200	0
chr1	35200	0	2200	0
chr1	35300	0	2200	0
chr1	35400	0	2131	0
chr1	35500	0	2100	0
chr1	35600	0	2100	0
chr1	35700	0	2100	0
chr1	35800	0	2011	0
chr1	35900	0	2006	0
chr1	36000	0	2100	0
chr1	36100	0	1988	0
chr1	36200	0	1832	0
chr1	36300	0	1800	0
chr1	36400	0	1800	0
chr1	36500	0	1865	0
chr1	36600	0	1900	0
chr1	36700	0	1900	0
chr1	36800	0	1900	0
chr1	36900	0	1900	0
chr1	37000	0	1900	0
chr1	37100	0	1813	0
chr1	37200	0	1800	0
chr1	37300	0	1800	0
chr1	37400	0	1800	0
chr1	37500	0	1873	0
chr1	37600	0	1896	0
chr1	37700	0	1800	0
chr1	37800	0	1800	0
chr1	37900	0	1800	0
chr1	38000	0	1800	0
chr1	38100	0	1752	0
chr1	38200	0	1700	0
chr1	38300	0	1700	0
chr1	38400	0	1700	0
chr1	38500	0	1700	0
chr1	38600	0	1700	0
chr1	38700	0	1700	0
chr1	38800	0	1770	0
chr1	38900	0	1800	0
chr1	39000	0	1800	0
chr1	39100	0	1800	0
chr1	39200	0	1816	0
chr1	39300	0	2075	0
chr1	39400	0	2173	0
chr1	39500	0	2119	0
chr1	39600	0	2100	0
chr1	39700	0	2100	0
chr1	39800	0	2100	0
chr1	39900	0	2100	0
chr1	40000	0	2139	0
chr1	40100	0	2156	0
chr1	40200	0	2100	0
chr1	40300	0	2100	0
chr1	40400	0	2100	0
chr1	40500	0	2100	0
chr1	40600	0	2100	0
chr1	40700	0	2100	0
chr1	40800	0	2100	0
chr1	40900	0	2017	0
chr1	41000	0	2029	0
chr1	41100	0	2100	0
chr1	41200	0	2069	0
chr1	41300	0	2000	0
chr1	41400	0	2000	0
chr1	41500	0	1930	0
chr1	41600	0	1900	0
chr1	41700	0	1900	0
chr1	41800	0	1900	0
chr1	41900	0	1851	0
chr1	42000	0	1800	0
chr1	42100	0	1834	0
chr1	42200	0	1968	0
chr1	42300	0	2000	0
chr1	42400	0	2000	0
chr1	42500	0	2000	0
chr1	42600	0	2000	0
chr1	42700	0	2000	0
chr1	42800	0	2000	0
chr1	42900	0	2052	0
chr1	43000	0	2100	0
chr1	43100	0	2100	0
chr1	43200	0	2100	0
chr1	43300	0	2100	0
chr1	43400	0	2147	0
chr1	43500	0	2200	0
chr1	43600	0	2200	0
chr1	43700	0	2200	0
chr1	43800	0	2200	0
chr1	43900	0	2200	0
chr1	44000	0	2121	0
chr1	44100	0	2100	0
chr1	44200	0	2100	0
chr1	44300	0	2081	0
chr1	44400	0	2067	0
chr1	44500	0	2100	0
chr1	44600	0	2100	0
chr1	44700	0	2007	0
chr1	44800	0	1858	0
chr1	44900	0	1800	0
chr1	45000	0	1800	0
chr1	45100	0	1800	0
chr1	45200	0	1800	0
chr1	45300	0	1800	0
chr1	45400	0	1800	0
chr1	45500	0	1800	0
chr1	45600	0	1800	0
chr1	45700	0	1800	0
chr1	45800	0	1800	0
chr1	45900	0	1800	0
chr1	46000	0	1800	0
chr1	46100	0	1800	0
chr1	46200	0	1800	0
chr1	46300	0	1724	0
chr1	46400	0	1601	0
chr1	46500	0	1600	0
chr1	46600	0	1600	0
chr1	46700	0	1676	0
chr1	46800	0	1700	0
chr1	46900	0	1700	0
chr1	47000	0	1700	0
chr1	47100	0	1700	0
chr1	47200	0	1739	0
chr1	47300	0	1800	0
chr1	47400	0	1747	0
chr1	47500	0	1800	0
chr1	47600	0	1800	0
chr1	47700	0	1800	0
chr1	47800	0	1800	0
chr1	47900	0	1800	0
chr1	48000	0	1813	0
chr1	48100	0	1900	0
chr1	48200	0	1889	0
chr1	48300	0	1800	0
chr1	48400	0	1800	0
chr1	48500	0	1800	0
chr1	48600	0	1800	0
chr1	48700	0	1818	0
chr1	48800	0	1900	0
chr1	48900	0	1900	0
chr1	49000	0	1900	0
chr1	49100	0	1900	0
chr1	49200	0	1900	0
chr1	49300	0	1850	0
chr1	49400	0	1900	0
chr1	49500	0	1900	0
chr1	49600	0	1900	0
chr1	49700	0	1900	0
chr1	49800	0	1900	0
chr1	49900	0	1900	0
chr1	50000	0	1900	0
chr1	50100	0	1900	0
chr1	50200	0	1900	0
chr1	50300	0	1900	0
chr1	50400	0	1850	0
chr1	50500	0	1862	0
chr1	50600	0	1800	0
chr1	50700	0	1795	0
chr1	50800	0	1641	0
chr1	50900	0	1600	0
chr1	51000	0	1521	0
chr1	51100	0	1564	0
chr1	51200	0	1500	0
chr1	51300	0	1496	0
chr1	51400	0	1416	0
chr1	51500	0	1500	0
chr1	51600	0	1500	0
chr1	51700	0	1500	0
chr1	51800	0	1500	0
chr1	51900	0	1500	0
chr1	52000	0	1500	0
chr1	52100	0	1500	0
chr1	52200	0	1598	0
chr1	52300	0	1600	0
chr1	52400	0	1600	0
chr1	52500	0	1600	0
chr1	52600	0	1600	0
chr1	52700	0	1517	0
chr1	52800	0	1500	0
chr1	52900	0	1500	0
chr1	53000	0	1500	0
chr1	53100	0	1518	0
chr1	53200	0	1600	0
chr1	53300	0	1600	0
chr1	53400	0	1451	0
chr1	53500	0	1400	0
chr1	53600	0	1400	0
chr1	53700	0	1400	0
chr1	53800	0	1400	0
chr1	53900	0	1490	0
chr1	54000	0	1500	0
chr1	54100	0	1500	0
chr1	54200	0	1597	0
chr1	54300	0	1574	0
chr1	54400	0	1500	0
chr1	54500	0	1509	0
chr1	54600	0	1600	0
chr1	54700	0	1600	0
chr1	54800	0	1600	0
chr1	54900	0	1600	0
chr1	55000	0	1622	0
chr1	55100	0	1657	0
chr1	55200	0	1695	0
chr1	55300	0	1700	0
chr1	55400	0	1700	0
chr1	55500	0	1793	0
chr1	55600	0	1800	0
chr1	55700	0	1800	0
chr1	55800	0	1800	0
chr1	55900	0	1800	0
chr1	56000	0	1800	0
chr1	56100	0	1802	0
chr1	56200	0	1900	0
chr1	56300	0	1822	0
chr1	56400	0	1800	0
chr1	56500	0	1800	0
chr1	56600	0	1800	0
chr1	56700	0	1838	0
chr1	56800	0	1925	0
chr1	56900	0	2000	0
chr1	57000	0	2039	0
chr1	57100	0	2100	0
chr1	57200	0	2100	0
chr1	57300	0	2150	0
chr1	57400	0	2246	0
chr1	57500	0	2396	0
chr1	57600	0	2400	0
chr1	57700	0	2400	0
chr1	57800	0	2396	0
chr1	57900	0	2339	0
chr1	58000	0	2500	0
chr1	58100	0	2568	0
chr1	58200	0	2600	0
chr1	58300	0	2600	0
chr1	58400	0	2600	0
chr1	58500	0	2590	0
chr1	58600	0	2600	0
chr1	58700	0	2600	0
chr1	58800	0	2600	0
chr1	58900	0	2600	0
chr1	59000	0	2600	0
chr1	59100	0	2600	0
chr1	59200	0	2544	0
chr1	59300	0	2500	0
chr1	59400	0	2500	0
chr1	59500	0	2509	0
chr1	59600	0	2532	0
chr1	59700	0	2549	0
chr1	59800	0	2522	0
chr1	59900	0	2500	0
chr1	60000	0	2500	0
chr1	60100	0	2500	0
chr1	60200	0	2500	0
chr1	60300	0	2588	0
chr1	60400	0	2600	0
chr1	60500	0	2600	0
chr1	60600	0	2600	0
chr1	60700	0	2600	0
chr1	60800	0	2539	0
chr1	60900	0	2500	0
chr1	61000	0	2500	0
chr1	61100	0	2500	0
chr1	61200	0	2595	0
chr1	61300	0	2600	0
chr1	61400	0	2600	0
chr1	61500	0	2533	0
chr1	61600	0	2500	0
chr1	61700	0	2588	0
chr1	61800	0	2678	0
chr1	61900	0	2711	0
chr1	62000	0	2871	0
chr1	62100	0	2900	0
chr1	62200	0	2900	0
chr1	62300	0	2867	0
chr1	62400	0	2800	0
chr1	62500	0	2728	0
chr1	62600	0	2700	0
chr1	62700	0	2700	0
chr1	62800	0	2700	0
chr1	62900	0	2700	0
chr1	63000	0	2700	0
chr1	63100	0	2700	0
chr1	63200	0	2700	0
chr1	63300	0	2700	0
chr1	63400	0	2700	0
chr1	63500	0	2700	0
chr1	63600	0	2700	0
chr1	63700	0	2676	0
chr1	63800	0	2607	0
chr1	63900	0	2700	0
chr1	64000	0	2700	0
chr1	64100	0	2700	0
chr1	64200	0	2700	0
chr1	64300	0	2700	0
chr1	64400	0	2708	0
chr1	64500	0	2846	0
chr1	64600	0	2901	0
chr1	64700	0	3000	0
chr1	64800	0	3096	0
chr1	64900	0	3015	0
chr1	65000	0	3000	0
chr1	65100	0	3000	0
chr1	65200	0	3000	0
chr1	65300	0	3018	0
chr1	65400	0	3000	0
chr1	65500	0	2940	0
chr1	65600	0	3000	0
chr1	65700	0	3100	0
chr1	65800	0	3057	0
chr1	65900	0	3000	0
chr1	66000	0	3000	0
chr1	66100	0	3000	0
chr1	66200	0	2979	0
chr1	66300	0	2920	0
chr1	66400	0	3000	0
chr1	66500	0	3000	0
chr1	66600	0	3000	0
chr1	66700	0	3000	0
chr1	66800	0	3000	0
chr1	66900	0	3000	0
chr1	67000	0	2984	0
chr1	67100	0	2768	0
chr1	67200	0	2800	0
chr1	67300	0	2446	0
chr1	67400	0	2800	0
chr1	67500	0	2800	0
chr1	67600	0	2858	0
chr1	67700	0	2900	0
chr1	67800	0	2900	0
chr1	67900	0	2922	0
chr1	68000	0	3000	0
chr1	68100	0	2978	0
chr1	68200	0	2900	0
chr1	68300	0	2817	0
chr1	68400	0	2800	0
chr1	68500	0	2800	0
chr1	68600	0	2801	0
chr1	68700	0	2667	0
chr1	68800	0	2576	0
chr1	68900	0	2500	0
chr1	69000	0	2414	0
chr1	69100	0	2387	0
chr1	69200	0	2300	0
chr1	69300	0	2300	0
chr1	69400	0	2211	0
chr1	69500	0	2200	0
chr1	69600	0	2200	0
chr1	69700	0	2179	0
chr1	69800	0	2100	0
chr1	69900	0	2005	0
chr1	70000	0	2000	0
chr1	70100	0	2000	0
chr1	70200	0	2000	0
chr1	70300	0	2083	0
chr1	70400	0	2100	0
chr1	70500	0	2100	0
chr1	70600	0	2100	0
chr1	70700	0	2100	0
chr1	70800	0	2100	0
chr1	70900	0	2017	0
chr1	71000	0	2024	0
chr1	71100	0	2100	0
chr1	71200	0	2100	0
chr1	71300	0	2100	0
chr1	71400	0	2100	0
chr1	71500	0	2018	0
chr1	71600	0	2000	0
chr1	71700	0	1959	0
chr1	71800	0	2000	0
chr1	71900	0	2076	0
chr1	72000	0	2232	0
chr1	72100	0	2391	0
chr1	72200	0	2400	0
chr1	72300	0	2400	0
chr1	72400	0	2400	0
chr1	72500	0	2493	0
chr1	72600	0	2560	0
chr1	72700	0	2500	0
chr1	72800	0	2546	0
chr1	72900	0	2694	0
chr1	73000	0	2699	0
chr1	73100	0	2600	0
chr1	73200	0	2600	0
chr1	73300	0	2538	0
chr1	73400	0	2500	0
chr1	73500	0	2500	0
chr1	73600	0	2500	0
chr1	73700	0	2462	0
chr1	73800	0	2400	0
chr1	73900	0	2400	0
chr1	74000	0	2400	0
chr1	74100	0	2400	0
chr1	74200	0	2466	0
chr1	74300	0	2583	0
chr1	74400	0	2600	0
chr1	74500	0	2600	0
chr1	74600	0	2707	0
chr1	74700	0	2800	0
chr1	74800	0	2800	0
chr1	74900	0	2831	0
chr1	75000	0	2900	0
chr1	75100	0	2900	0
chr1	75200	0	2819	0
chr1	75300	0	2800	0
chr1	75400	0	2835	0
chr1	75500	0	2894	0
chr1	75600	0	2900	0
chr1	75700	0	2900	0
chr1	75800	0	2900	0
chr1	75900	0	2900	0
chr1	76000	0	2900	0
chr1	76100	0	2900	0
chr1	76200	0	2900	0
chr1	76300	0	2823	0
chr1	76400	0	2785	0
chr1	76500	0	2600	0
chr1	76600	0	2600	0
chr1	76700	0	2600	0
chr1	76800	0	2600	0
chr1	76900	0	2651	0
chr1	77000	0	2736	0
chr1	77100	0	2730	0
chr1	77200	0	2700	0
chr1	77300	0	2611	0
chr1	77400	0	2600	0
chr1	77500	0	2650	0
chr1	77600	0	2600	0
chr1	77700	0	2631	0
chr1	77800	0	2700	0
chr1	77900	0	2700	0
chr1	78000	0	2622	0
chr1	78100	0	2643	0
chr1	78200	0	2700	0
chr1	78300	0	2700	0
chr1	78400	0	2700	0
chr1	78500	0	2700	0
chr1	78600	0	2789	0
chr1	78700	0	2800	0
chr1	78800	0	2800	0
chr1	78900	0	2800	0
chr1	79000	0	2800	0
chr1	79100	0	2800	0
chr1	79200	0	2800	0
chr1	79300	0	2800	0
chr1	79400	0	2767	0
chr1	79500	0	2700	0
chr1	79600	0	2700	0
chr1	79700	0	2700	0
chr1	79800	0	2789	0
chr1	79900	0	2791	0
chr1	80000	0	2783	0
chr1	80100	0	2700	0
chr1	80200	0	2700	0
chr1	80300	0	2700	0
chr1	80400	0	2700	0
chr1	80500	0	2777	0
chr1	80600	0	2800	0
chr1	80700	0	2800	0
chr1	80800	0	2800	0
chr1	80900	0	2893	0
chr1	81000	0	2900	0
chr1	81100	0	2900	0
chr1	81200	0	2900	0
chr1	81300	0	2900	0
chr1	81400	0	2900	0
chr1	81500	0	2943	0
chr1	81600	0	3000	0
chr1	81700	0	3049	0
chr1	81800	0	3100	0
chr1	81900	0	3197	0
chr1	82000	0	3173	0
chr1	82100	0	3100	0
chr1	82200	0	3100	0
chr1	82300	0	3100	0
chr1	82400	0	3100	0
chr1	82500	0	3100	0
chr1	82600	0	3100	0
chr1	82700	0	3100	0
chr1	82800	0	3100	0
chr1	82900	0	3100	0
chr1	83000	0	3012	0
chr1	83100	0	2972	0
chr1	83200	0	2817	0
chr1	83300	0	2790	0
chr1	83400	0	2800	0
chr1	83500	0	2695	0
chr1	83600	0	2600	0
chr1	83700	0	2600	0
chr1	83800	0	2700	0
chr1	83900	0	2800	0
chr1	84000	0	2800	0
chr1	84100	0	2763	0
chr1	84200	0	2696	0
chr1	84300	0	2511	0
chr1	84400	0	2500	0
chr1	84500	0	2500	0
chr1	84600	0	2500	0
chr1	84700	0	2500	0
chr1	84800	0	2500	0
chr1	84900	0	2500	0
chr1	85000	0	2500	0
chr1	85100	0	2500	0
chr1	85200	0	2500	0
chr1	85300	0	2500	0
chr1	85400	0	2500	0
chr1	85500	0	2274	0
chr1	85600	0	2100	0
chr1	85700	0	2100	0
chr1	85800	0	2186	0
chr1	85900	0	2300	0
chr1	86000	0	2300	0
chr1	86100	0	2300	0
chr1	86200	0	2300	0
chr1	86300	0	2273	0
chr1	86400	0	2200	0
chr1	86500	0	2200	0
chr1	86600	0	2200	0
chr1	86700	0	2193	0
chr1	86800	0	2100	0
chr1	86900	0	2092	0
chr1	87000	0	2000	0
chr1	87100	0	2000	0
chr1	87200	0	2000	0
chr1	87300	0	2000	0
chr1	87400	0	2000	0
chr1	87500	0	2000	0
chr1	87600	0	2000	0
chr1	87700	0	2000	0
chr1	87800	0	2000	0
chr1	87900	0	2000	0
chr1	88000	0	1997	0
chr1	88100	0	1935	0
chr1	88200	0	2000	0
chr1	88300	0	2000	0
chr1	88400	0	2000	0
chr1	88500	0	2000	0
chr1	88600	0	2000	0
chr1	88700	0	1995	0
chr1	88800	0	1827	0
chr1	88900	0	1896	0
chr1	89000	0	1900	0
chr1	89100	0	1893	0
chr1	89200	0	1800	0
chr1	89300	0	1800	0
chr1	89400	0	1800	0
chr1	89500	0	1800	0
chr1	89600	0	1800	0
chr1	89700	0	1711	0
chr1	89800	0	1700	0
chr1	89900	0	1700	0
chr1	90000	0	1746	0
chr1	90100	0	1700	0
chr1	90200	0	1739	0
chr1	90300	0	1817	0
chr1	90400	0	1900	0
chr1	90500	0	1900	0
chr1	90600	0	1900	0
chr1	90700	0	1900	0
chr1	90800	0	1900	0
chr1	90900	0	1900	0
chr1	91000	0	1900	0
chr1	91100	0	1900	0
chr1	91200	0	1900	0
chr1	91300	0	1840	0
chr1	91400	0	1700	0
chr1	91500	0	1794	0
chr1	91600	0	1900	0
chr1	91700	0	1983	0
chr1	91800	0	2000	0
chr1	91900	0	2000	0
chr1	92000	0	2000	0
chr1	92100	0	1918	0
chr1	92200	0	1951	0
chr1	92300	0	1951	0
chr1	92400	0	1900	0
chr1	92500	0	1983	0
chr1	92600	0	2000	0
chr1	92700	0	2000	0
chr1	92800	0	2000	0
chr1	92900	0	2000	0
chr1	93000	0	1915	0
chr1	93100	0	1900	0
chr1	93200	0	1900	0
chr1	93300	0	1900	0
chr1	93400	0	1900	0
chr1	93500	0	1900	0
chr1	93600	0	1806	0
chr1	93700	0	1700	0
chr1	93800	0	1700	0
chr1	93900	0	1700	0
chr1	94000	0	1700	0
chr1	94100	0	1789	0
chr1	94200	0	1760	0
chr1	94300	0	1700	0
chr1	94400	0	1700	0
chr1	94500	0	1798	0
chr1	94600	0	1735	0
chr1	94700	0	1700	0
chr1	94800	0	1700	0
chr1	94900	0	1609	0
chr1	95000	0	1668	0
chr1	95100	0	1683	0
chr1	95200	0	1600	0
chr1	95300	0	1570	0
chr1	95400	0	1500	0
chr1	95500	0	1543	0
chr1	95600	0	1600	0
chr1	95700	0	1600	0
chr1	95800	0	1600	0
chr1	95900	0	1600	0
chr1	96000	0	1600	0
chr1	96100	0	1600	0
chr1	96200	0	1760	0
chr1	96300	0	1900	0
chr1	96400	0	1900	0
chr1	96500	0	1900	0
chr1	96600	0	1900	0
chr1	96700	0	1806	0
chr1	96800	0	1894	0
chr1	96900	0	1951	0
chr1	97000	0	2000	0
chr1	97100	0	2000	0
chr1	97200	0	2000	0
chr1	97300	0	1929	0
chr1	97400	0	2000	0
chr1	97500	0	2000	0
chr1	97600	0	2000	0
chr1	97700	0	2059	0
chr1	97800	0	2100	0
chr1	97900	0	2100	0
chr1	98000	0	2100	0
chr1	98100	0	2100	0
chr1	98200	0	2100	0
chr1	98300	0	2100	0
chr1	98400	0	2100	0
chr1	98500	0	2100	0
chr1	98600	0	2100	0
chr1	98700	0	2155	0
chr1	98800	0	2200	0
chr1	98900	0	2267	0
chr1	99000	0	2300	0
chr1	99100	0	2300	0
chr1	99200	0	2300	0
chr1	99300	0	2388	0
chr1	99400	0	2439	0
chr1	99500	0	2500	0
chr1	99600	0	2446	0
chr1	99700	0	2412	0
chr1	99800	0	2539	0
chr1	99900	0	2600	0
chr1	100000	0	2600	0
chr1	100100	0	2600	0
chr1	100200	0	2600	0
chr1	100300	0	2586	0
chr1	100400	0	2600	0
chr1	100500	0	2600	0
chr1	100600	0	2602	0
chr1	100700	0	2700	0
chr1	100800	0	2700	0
chr1	100900	0	2725	0
chr1	101000	0	2805	0
chr1	101100	0	2800	0
chr1	101200	0	2800	0
chr1	101300	0	2800	0
chr1	101400	0	2734	0
chr1	101500	0	2700	0
chr1	101600	0	2700	0
chr1	101700	0	2697	0
chr1	101800	0	2600	0
chr1	101900	0	2600	0
chr1	102000	0	2600	0
chr1	102100	0	2606	0
chr1	102200	0	2700	0
chr1	102300	0	2700	0
chr1	102400	0	2700	0
chr1	102500	0	2706	0
chr1	102600	0	2800	0
chr1	102700	0	2800	0
chr1	102800	0	2800	0
chr1	102900	0	2741	0
chr1	103000	0	2700	0
chr1	103100	0	2648	0
chr1	103200	0	2655	0
chr1	103300	0	2700	0
chr1	103400	0	2755	0
chr1	103500	0	2701	0
chr1	103600	0	2700	0
chr1	103700	0	2776	0
chr1	103800	0	2730	0
chr1	103900	0	2700	0
chr1	104000	0	2700	0
chr1	104100	0	2660	0
chr1	104200	0	2600	0
chr1	104300	0	2600	0
chr1	104400	0	2600	0
chr1	104500	0	2600	0
chr1	104600	0	2600	0
chr1	104700	0	2600	0
chr1	104800	0	2600	0
chr1	104900	0	2600	0
chr1	105000	0	2600	0
chr1	105100	0	2600	0
chr1	105200	0	2600	0
chr1	105300	0	2600	0
chr1	105400	0	2600	0
chr1	105500	0	2600	0
chr1	105600	0	2600	0
chr1	105700	0	2600	0
chr1	105800	0	2600	0
chr1	105900	0	2570	0
chr1	106000	0	2409	0
chr1	106100	0	2400	0
chr1	106200	0	2411	0
chr1	106300	0	2500	0
chr1	106400	0	2500	0
chr1	106500	0	2500	0
chr1	106600	0	2500	0
chr1	106700	0	2500	0
chr1	106800	0	2408	0
chr1	106900	0	2400	0
chr1	107000	0	2424	0
chr1	107100	0	2400	0
chr1	107200	0	2357	0
chr1	107300	0	2300	0
chr1	107400	0	2397	0
chr1	107500	0	2400	0
chr1	107600	0	2400	0
chr1	107700	0	2375	0
chr1	107800	0	2053	0
chr1	107900	0	2200	0
chr1	108000	0	2002	0
chr1	108100	0	2146	0
chr1	108200	0	2200	0
chr1	108300	0	2200	0
chr1	108400	0	2289	0
chr1	108500	0	2300	0
chr1	108600	0	2333	0
chr1	108700	0	2341	0
chr1	108800	0	2351	0
chr1	108900	0	2387	0
chr1	109000	0	2400	0
chr1	109100	0	2400	0
chr1	109200	0	2349	0
chr1	109300	0	2400	0
chr1	109400	0	2400	0
chr1	109500	0	2400	0
chr1	109600	0	2400	0
chr1	109700	0	2400	0
chr1	109800	0	2400	0
chr1	109900	0	2400	0
chr1	110000	0	2400	0
chr1	110100	0	2400	0
chr1	110200	0	2491	0
chr1	110300	0	2420	0
chr1	110400	0	2400	0
chr1	110500	0	2306	0
chr1	110600	0	2283	0
chr1	110700	0	2285	0
chr1	110800	0	2328	0
chr1	110900	0	2380	0
chr1	111000	0	2400	0
chr1	111100	0	2467	0
chr1	111200	0	2528	0
chr1	111300	0	2564	0
chr1	111400	0	2558	0
chr1	111500	0	2500	0
chr1	111600	0	2500	0
chr1	111700	0	2500	0
chr1	111800	0	2560	0
chr1	111900	0	2560	0
chr1	112000	0	2500	0
chr1	112100	0	2449	0
chr1	112200	0	2400	0
chr1	112300	0	2400	0
chr1	112400	0	2400	0
chr1	112500	0	2367	0
chr1	112600	0	2300	0
chr1	112700	0	2363	0
chr1	112800	0	2400	0
chr1	112900	0	2400	0
chr1	113000	0	2431	0
chr1	113100	0	2500	0
chr1	113200	0	2500	0
chr1	113300	0	2500	0
chr1	113400	0	2500	0
chr1	113500	0	2500	0
chr1	113600	0	2476	0
chr1	113700	0	2500	0
chr1	113800	0	2477	0
chr1	113900	0	2400	0
chr1	114000	0	2400	0
chr1	114100	0	2400	0
chr1	114200	0	2400	0
chr1	114300	0	2400	0
chr1	114400	0	2400	0
chr1	114500	0	2308	0
chr1	114600	0	2346	0
chr1	114700	0	2400	0
chr1	114800	0	2364	0
chr1	114900	0	2300	0
chr1	115000	0	2300	0
chr1	115100	0	2300	0
chr1	115200	0	2300	0
chr1	115300	0	2205	0
chr1	115400	0	2202	0
chr1	115500	0	2300	0
chr1	115600	0	2300	0
chr1	115700	0	2300	0
chr1	115800	0	2300	0
chr1	115900	0	2300	0
chr1	116000	0	2300	0
chr1	116100	0	2383	0
chr1	116200	0	2400	0
chr1	116300	0	2400	0
chr1	116400	0	2400	0
chr1	116500	0	2400	0
chr1	116600	0	2400	0
chr1	116700	0	2436	0
chr1	116800	0	2500	0
chr1	116900	0	2500	0
chr1	117000	0	2500	0
chr1	117100	0	2500	0
chr1	117200	0	2500	0
chr1	117300	0	2478	0
chr1	117400	0	2400	0
chr1	117500	0	2400	0
chr1	117600	0	2400	0
chr1	117700	0	2438	0
chr1	117800	0	2500	0
chr1	117900	0	2500	0
chr1	118000	0	2500	0
chr1	118100	0	2500	0
chr1	118200	0	2407	0
chr1	118300	0	2400	0
chr1	118400	0	2400	0
chr1	118500	0	2400	0
chr1	118600	0	2400	0
chr1	118700	0	2400	0
chr1	118800	0	2400	0
chr1	118900	0	2399	0
chr1	119000	0	2300	0
chr1	119100	0	2300	0
chr1	119200	0	2382	0
chr1	119300	0	2400	0
chr1	119400	0	2400	0
chr1	119500	0	2400	0
chr1	119600	0	2354	0
chr1	119700	0	2200	0
chr1	119800	0	2198	0
chr1	119900	0	2191	0
chr1	120000	0	2300	0
chr1	120100	0	2300	0
chr1	120200	0	2300	0
chr1	120300	0	2257	0
chr1	120400	0	2033	0
chr1	120500	0	2000	0
chr1	120600	0	2000	0
chr1	120700	0	2000	0
chr1	120800	0	2000	0
chr1	120900	0	2000	0
chr1	121000	0	1957	0
chr1	121100	0	1900	0
chr1	121200	0	1931	0
chr1	121300	0	2067	0
chr1	121400	0	2000	0
chr1	121500	0	2061	0
chr1	121600	0	2100	0
chr1	121700	0	2100	0
chr1	121800	0	2100	0
chr1	121900	0	2100	0
chr1	122000	0	2100	0
chr1	122100	0	2100	0
chr1	122200	0	2071	0
chr1	122300	0	2000	0
chr1	122400	0	1922	0
chr1	122500	0	1900	0
chr1	122600	0	1797	0
chr1	122700	0	1600	0
chr1	122800	0	1553	0
chr1	122900	0	1571	0
chr1	123000	0	1515	0
chr1	123100	0	1431	0
chr1	123200	0	1400	0
chr1	123300	0	1400	0
chr1	123400	0	1400	0
chr1	123500	0	1400	0
chr1	123600	0	1400	0
chr1	123700	0	1400	0
chr1	123800	0	1400	0
chr1	123900	0	1400	0
chr1	124000	0	1400	0
chr1	124100	0	1400	0
chr1	124200	0	1400	0
chr1	124300	0	1400	0
chr1	124400	0	1309	0
chr1	124500	0	1300	0
chr1	124600	0	1373	0
chr1	124700	0	1314	0
chr1	124800	0	1200	0
chr1	124900	0	1200	0
chr1	125000	0	1200	0
chr1	125100	0	1200	0
chr1	125200	0	1200	0
chr1	125300	0	1300	0
chr1	125400	0	1400	0
chr1	125500	0	1400	0
chr1	125600	0	1389	0
chr1	125700	0	1400	0
chr1	125800	0	1488	0
chr1	125900	0	1500	0
chr1	126000	0	1527	0
chr1	126100	0	1600	0
chr1	126200	0	1600	0
chr1	126300	0	1600	0
chr1	126400	0	1600	0
chr1	126500	0	1600	0
chr1	126600	0	1600	0
chr1	126700	0	1600	0
chr1	126800	0	1530	0
chr1	126900	0	1500	0
chr1	127000	0	1500	0
chr1	127100	0	1500	0
chr1	127200	0	1500	0
chr1	127300	0	1500	0
chr1	127400	0	1500	0
chr1	127500	0	1500	0
chr1	127600	0	1500	0
chr1	127700	0	1500	0
chr1	127800	0	1428	0
chr1	127900	0	1400	0
chr1	128000	0	1326	0
chr1	128100	0	1300	0
chr1	128200	0	1300	0
chr1	128300	0	1300	0
chr1	128400	0	1300	0
chr1	128500	0	1300	0
chr1	128600	0	1300	0
chr1	128700	0	1300	0
chr1	128800	0	1300	0
chr1	128900	0	1376	0
chr1	129000	0	1400	0
chr1	129100	0	1400	0
chr1	129200	0	1400	0
chr1	129300	0	1400	0
chr1	129400	0	1456	0
chr1	129500	0	1556	0
chr1	129600	0	1527	0
chr1	129700	0	1500	0
chr1	129800	0	1500	0
chr1	129900	0	1500	0
chr1	130000	0	1500	0
chr1	130100	0	1500	0
chr1	130200	0	1509	0
chr1	130300	0	1600	0
chr1	130400	0	1600	0
chr1	130500	0	1600	0
chr1	130600	0	1582	0
chr1	130700	0	1500	0
chr1	130800	0	1500	0
chr1	130900	0	1500	0
chr1	131000	0	1500	0
chr1	131100	0	1500	0
chr1	131200	0	1500	0
chr1	131300	0	1500	0
chr1	131400	0	1500	0
chr1	131500	0	1500	0
chr1	131600	0	1500	0
chr1	131700	0	1438	0
chr1	131800	0	1400	0
chr1	131900	0	1400	0
chr1	132000	0	1400	0
chr1	132100	0	1454	0
chr1	132200	0	1500	0
chr1	132300	0	1500	0
chr1	132400	0	1478	0
chr1	132500	0	1400	0
chr1	132600	0	1439	0
chr1	132700	0	1505	0
chr1	132800	0	1523	0
chr1	132900	0	1500	0
chr1	133000	0	1500	0
chr1	133100	0	1431	0
chr1	133200	0	1427	0
chr1	133300	0	1500	0
chr1	133400	0	1500	0
chr1	133500	0	1500	0
chr1	133600	0	1500	0
chr1	133700	0	1500	0
chr1	133800	0	1500	0
chr1	133900	0	1500	0
chr1	134000	0	1500	0
chr1	134100	0	1500	0
chr1	134200	0	1500	0
chr1	134300	0	1492	0
chr1	134400	0	1400	0
chr1	134500	0	1400	0
chr1	134600	0	1400	0
chr1	134700	0	1400	0
chr1	134800	0	1490	0
chr1	134900	0	1500	0
chr1	135000	0	1500	0
chr1	135100	0	1500	0
chr1	135200	0	1500	0
chr1	135300	0	1500	0
chr1	135400	0	1500	0
chr1	135500	0	1500	0
chr1	135600	0	1537	0
chr1	135700	0	1657	0
chr1	135800	0	1723	0
chr1	135900	0	1800	0
chr1	136000	0	1700	0
chr1	136100	0	1700	0
chr1	136200	0	1700	0
chr1	136300	0	1700	0
chr1	136400	0	1688	0
chr1	136500	0	1527	0
chr1	136600	0	1500	0
chr1	136700	0	1500	0
chr1	136800	0	1500	0
chr1	136900	0	1500	0
chr1	137000	0	1500	0
chr1	137100	0	1390	0
chr1	137200	0	1300	0
chr1	137300	0	1389	0
chr1	137400	0	1400	0
chr1	137500	0	1318	0
chr1	137600	0	1300	0
chr1	137700	0	1376	0
chr1	137800	0	1400	0
chr1	137900	0	1400	0
chr1	138000	0	1400	0
chr1	138100	0	1498	0
chr1	138200	0	1500	0
chr1	138300	0	1500	0
chr1	138400	0	1500	0
chr1	138500	0	1500	0
chr1	138600	0	1500	0
chr1	138700	0	1500	0
chr1	138800	0	1571	0
chr1	138900	0	1600	0
chr1	139000	0	1600	0
chr1	139100	0	1608	0
chr1	139200	0	1781	0
chr1	139300	0	1800	0
chr1	139400	0	1874	0
chr1	139500	0	1900	0
chr1	139600	0	1900	0
chr1	139700	0	1900	0
chr1	139800	0	1900	0
chr1	139900	0	1900	0
chr1	140000	0	1909	0
chr1	140100	0	2000	0
chr1	140200	0	1946	0
chr1	140300	0	1900	0
chr1	140400	0	1900	0
chr1	140500	0	1913	0
chr1	140600	0	2028	0
chr1	140700	0	2172	0
chr1	140800	0	2100	0
chr1	140900	0	2100	0
chr1	141000	0	2057	0
chr1	141100	0	2233	0
chr1	141200	0	2327	0
chr1	141300	0	2400	0
chr1	141400	0	2400	0
chr1	141500	0	2400	0
chr1	141600	0	2400	0
chr1	141700	0	2428	0
chr1	141800	0	2500	0
chr1	141900	0	2500	0
chr1	142000	0	2500	0
chr1	142100	0	2500	0
chr1	142200	0	2410	0
chr1	142300	0	2400	0
chr1	142400	0	2400	0
chr1	142500	0	2400	0
chr1	142600	0	2400	0
chr1	142700	0	2400	0
chr1	142800	0	2400	0
chr1	142900	0	2400	0
chr1	143000	0	2400	0
chr1	143100	0	2400	0
chr1	143200	0	2400	0
chr1	143300	0	2338	0
chr1	143400	0	2400	0
chr1	143500	0	2400	0
chr1	143600	0	2400	0
chr1	143700	0	2400	0
chr1	143800	0	2400	0
chr1	143900	0	2400	0
chr1	144000	0	2418	0
chr1	144100	0	2500	0
chr1	144200	0	2500	0
chr1	144300	0	2402	0
chr1	144400	0	2400	0
chr1	144500	0	2393	0
chr1	144600	0	2300	0
chr1	144700	0	2300	0
chr1	144800	0	2312	0
chr1	144900	0	2369	0
chr1	145000	0	2400	0
chr1	145100	0	2489	0
chr1	145200	0	2600	0
chr1	145300	0	2600	0
chr1	145400	0	2659	0
chr1	145500	0	2700	0
chr1	145600	0	2700	0
chr1	145700	0	2700	0
chr1	145800	0	2700	0
chr1	145900	0	2700	0
chr1	146000	0	2700	0
chr1	146100	0	2700	0
chr1	146200	0	2700	0
chr1	146300	0	2700	0
chr1	146400	0	2605	0
chr1	146500	0	2600	0
chr1	146600	0	2600	0
chr1	146700	0	2600	0
chr1	146800	0	2600	0
chr1	146900	0	2622	0
chr1	147000	0	2781	0
chr1	147100	0	2800	0
chr1	147200	0	2899	0
chr1	147300	0	2900	0
chr1	147400	0	2953	0
chr1	147500	0	2900	0
chr1	147600	0	2900	0
chr1	147700	0	2900	0
chr1	147800	0	2900	0
chr1	147900	0	2900	0
chr1	148000	0	2901	0
chr1	148100	0	3000	0
chr1	148200	0	3000	0
chr1	148300	0	3000	0
chr1	148400	0	3000	0
chr1	148500	0	2987	0
chr1	148600	0	2900	0
chr1	148700	0	2900	0
chr1	148800	0	2900	0
chr1	148900	0	2955	0
chr1	149000	0	2900	0
chr1	149100	0	2900	0
chr1	149200	0	2823	0
chr1	149300	0	2800	0
chr1	149400	0	2800	0
chr1	149500	0	2800	0
chr1	149600	0	2900	0
chr1	149700	0	2900	0
chr1	149800	0	2900	0
chr1	149900	0	2900	0
chr1	150000	0	2900	0
chr1	150100	0	2900	0
chr1	150200	0	2900	0
chr1	150300	0	2900	0
chr1	150400	0	2900	0
chr1	150500	0	2877	0
chr1	150600	0	2800	0
chr1	150700	0	2800	0
chr1	150800	0	2739	0
chr1	150900	0	2699	0
chr1	151000	0	2600	0
chr1	151100	0	2600	0
chr1	151200	0	2597	0
chr1	151300	0	2600	0
chr1	151400	0	2664	0
chr1	151500	0	2669	0
chr1	151600	0	2600	0
chr1	151700	0	2600	0
chr1	151800	0	2600	0
chr1	151900	0	2592	0
chr1	152000	0	2533	0
chr1	152100	0	2577	0
chr1	152200	0	2600	0
chr1	152300	0	2600	0
chr1	152400	0	2418	0
chr1	152500	0	2300	0
chr1	152600	0	2300	0
chr1	152700	0	2299	0
chr1	152800	0	2260	0
chr1	152900	0	2300	0
chr1	153000	0	2300	0
chr1	153100	0	2144	0
chr1	153200	0	2100	0
chr1	153300	0	2100	0
chr1	153400	0	2100	0
chr1	153500	0	2100	0
chr1	153600	0	2100	0
chr1	153700	0	2100	0
chr1	153800	0	2100	0
chr1	153900	0	2100	0
chr1	154000	0	2100	0
chr1	154100	0	2100	0
chr1	154200	0	2100	0
chr1	154300	0	2100	0
chr1	154400	0	2100	0
chr1	154500	0	2100	0
chr1	154600	0	2100	0
chr1	154700	0	2100	0
chr1	154800	0	2100	0
chr1	154900	0	2100	0
chr1	155000	0	2100	0
chr1	155100	0	2007	0
chr1	155200	0	2000	0
chr1	155300	0	2000	0
chr1	155400	0	2007	0
chr1	155500	0	2053	0
chr1	155600	0	2000	0
chr1	155700	0	2000	0
chr1	155800	0	2018	0
chr1	155900	0	2100	0
chr1	156000	0	2100	0
chr1	156100	0	2012	0
chr1	156200	0	1900	0
chr1	156300	0	1900	0
chr1	156400	0	1900	0
chr1	156500	0	1919	0
chr1	156600	0	1990	0
chr1	156700	0	1916	0
chr1	156800	0	2000	0
chr1	156900	0	1955	0
chr1	157000	0	1900	0
chr1	157100	0	1900	0
chr1	157200	0	1900	0
chr1	157300	0	1900	0
chr1	157400	0	1900	0
chr1	157500	0	1900	0
chr1	157600	0	1900	0
chr1	157700	0	1900	0
chr1	157800	0	1900	0
chr1	157900	0	1902	0
chr1	158000	0	1925	0
chr1	158100	0	1900	0
chr1	158200	0	1900	0
chr1	158300	0	1894	0
chr1	158400	0	1800	0
chr1	158500	0	1800	0
chr1	158600	0	1759	0
chr1	158700	0	1669	0
chr1	158800	0	1600	0
chr1	158900	0	1596	0
chr1	159000	0	1631	0
chr1	159100	0	1743	0
chr1	159200	0	1748	0
chr1	159300	0	1700	0
chr1	159400	0	1700	0
chr1	159500	0	1700	0
chr1	159600	0	1700	0
chr1	159700	0	1700	0
chr1	159800	0	1700	0
chr1	159900	0	1630	0
chr1	160000	0	1600	0
chr1	160100	0	1600	0
chr1	160200	0	1600	0
chr1	160300	0	1600	0
chr1	160400	0	1600	0
chr1	160500	0	1600	0
chr1	160600	0	1566	0
chr1	160700	0	1521	0
chr1	160800	0	1500	0
chr1	160900	0	1500	0
chr1	161000	0	1500	0
chr1	161100	0	1524	0
chr1	161200	0	1600	0
chr1	161300	0	1600	0
chr1	161400	0	1600	0
chr1	161500	0	1600	0
chr1	161600	0	1600	0
chr1	161700	0	1600	0
chr1	161800	0	1600	0
chr1	161900	0	1600	0
chr1	162000	0	1600	0
chr1	162100	0	1600	0
chr1	162200	0	1600	0
chr1	162300	0	1600	0
chr1	162400	0	1646	0
chr1	162500	0	1600	0
chr1	162600	0	1560	0
chr1	162700	0	1500	0
chr1	162800	0	1500	0
chr1	162900	0	1579	0
chr1	163000	0	1700	0
chr1	163100	0	1700	0
chr1	163200	0	1700	0
chr1	163300	0	1700	0
chr1	163400	0	1700	0
chr1	163500	0	1700	0
chr1	163600	0	1700	0
chr1	163700	0	1685	0
chr1	163800	0	1600	0
chr1	163900	0	1600	0
chr1	164000	0	1534	0
chr1	164100	0	1600	0
chr1	164200	0	1600	0
chr1	164300	0	1600	0
chr1	164400	0	1600	0
chr1	164500	0	1600	0
chr1	164600	0	1600	0
chr1	164700	0	1510	0
chr1	164800	0	1500	0
chr1	164900	0	1500	0
chr1	165000	0	1500	0
chr1	165100	0	1533	0
chr1	165200	0	1600	0
chr1	165300	0	1600	0
chr1	165400	0	1600	0
chr1	165500	0	1600	0
chr1	165600	0	1600	0
chr1	165700	0	1600	0
chr1	165800	0	1600	0
chr1	165900	0	1600	0
chr1	166000	0	1600	0
chr1	166100	0	1600	0
chr1	166200	0	1600	0
chr1	166300	0	1600	0
chr1	166400	0	1600	0
chr1	166500	0	1600	0
chr1	166600	0	1600	0
chr1	166700	0	1600	0
chr1	166800	0	1655	0
chr1	166900	0	1800	0
chr1	167000	0	1811	0
chr1	167100	0	1970	0
chr1	167200	0	1975	0
chr1	167300	0	1900	0
chr1	167400	0	1984	0
chr1	167500	0	2050	0
chr1	167600	0	2095	0
chr1	167700	0	2000	0
chr1	167800	0	2000	0
chr1	167900	0	1945	0
chr1	168000	0	1900	0
chr1	168100	0	1994	0
chr1	168200	0	2000	0
chr1	168300	0	1896	0
chr1	168400	0	1800	0
chr1	168500	0	1800	0
chr1	168600	0	1892	0
chr1	168700	0	1919	0
chr1	168800	0	2019	0
chr1	168900	0	2100	0
chr1	169000	0	2202	0
chr1	169100	0	2300	0
chr1	169200	0	2300	0
chr1	169300	0	2383	0
chr1	169400	0	2400	0
chr1	169500	0	2400	0
chr1	169600	0	2400	0
chr1	169700	0	2400	0
chr1	169800	0	2353	0
chr1	169900	0	2319	0
chr1	170000	0	2400	0
chr1	170100	0	2320	0
chr1	170200	0	2268	0
chr1	170300	0	2171	0
chr1	170400	0	2100	0
chr1	170500	0	2181	0
chr1	170600	0	2200	0
chr1	170700	0	2200	0
chr1	170800	0	2200	0
chr1	170900	0	2200	0
chr1	171000	0	2200	0
chr1	171100	0	2200	0
chr1	171200	0	2200	0
chr1	171300	0	2200	0
chr1	171400	0	2200	0
chr1	171500	0	2200	0
chr1	171600	0	2200	0
chr1	171700	0	2200	0
chr1	171800	0	2200	0
chr1	171900	0	2200	0
chr1	172000	0	2200	0
chr1	172100	0	2197	0
chr1	172200	0	2100	0
chr1	172300	0	2100	0
chr1	172400	0	2100	0
chr1	172500	0	2100	0
chr1	172600	0	2100	0
chr1	172700	0	2100	0
chr1	172800	0	2100	0
chr1	172900	0	2166	0
chr1	173000	0	2200	0
chr1	173100	0	2200	0
chr1	173200	0	2200	0
chr1	173300	0	2200	0
chr1	173400	0	2200	0
chr1	173500	0	2278	0
chr1	173600	0	2331	0
chr1	173700	0	2300	0
chr1	173800	0	2300	0
chr1	173900	0	2300	0
chr1	174000	0	2375	0
chr1	174100	0	2400	0
chr1	174200	0	2423	0
chr1	174300	0	2600	0
chr1	174400	0	2600	0
chr1	174500	0	2600	0
chr1	174600	0	2592	0
chr1	174700	0	2500	0
chr1	174800	0	2445	0
chr1	174900	0	2493	0
chr1	175000	0	2559	0
chr1	175100	0	2671	0
chr1	175200	0	2700	0
chr1	175300	0	2700	0
chr1	175400	0	2700	0
chr1	175500	0	2785	0
chr1	175600	0	2800	0
chr1	175700	0	2763	0
chr1	175800	0	2823	0
chr1	175900	0	2900	0
chr1	176000	0	2900	0
chr1	176100	0	2900	0
chr1	176200	0	2825	0
chr1	176300	0	2844	0
chr1	176400	0	2900	0
chr1	176500	0	2900	0
chr1	176600	0	2900	0
chr1	176700	0	2900	0
chr1	176800	0	2900	0
chr1	176900	0	2900	0
chr1	177000	0	2900	0
chr1	177100	0	2900	0
chr1	177200	0	2900	0
chr1	177300	0	2900	0
chr1	177400	0	2900	0
chr1	177500	0	2930	0
chr1	177600	0	3000	0
chr1	177700	0	3000	0
chr1	177800	0	3000	0
chr1	177900	0	3000	0
chr1	178000	0	2918	0
chr1	178100	0	2837	0
chr1	178200	0	2800	0
chr1	178300	0	2800	0
chr1	178400	0	2724	0
chr1	178500	0	2600	0
chr1	178600	0	2654	0
chr1	178700	0	2700	0
chr1	178800	0	2700	0
chr1	178900	0	2700	0
chr1	179000	0	2700	0
chr1	179100	0	2663	0
chr1	179200	0	2600	0
chr1	179300	0	2657	0
chr1	179400	0	2600	0
chr1	179500	0	2657	0
chr1	179600	0	2749	0
chr1	179700	0	2800	0
chr1	179800	0	2835	0
chr1	179900	0	2733	0
chr1	180000	0	2625	0
chr1	180100	0	2649	0
chr1	180200	0	2614	0
chr1	180300	0	2566	0
chr1	180400	0	2387	0
chr1	180500	0	2400	0
chr1	180600	0	2400	0
chr1	180700	0	2462	0
chr1	180800	0	2520	0
chr1	180900	0	2600	0
chr1	181000	0	2600	0
chr1	181100	0	2563	0
chr1	181200	0	2603	0
chr1	181300	0	2738	0
chr1	181400	0	2800	0
chr1	181500	0	2800	0
chr1	181600	0	2800	0
chr1	181700	0	2779	0
chr1	181800	0	2737	0
chr1	181900	0	2800	0
chr1	182000	0	2800	0
chr1	182100	0	2819	0
chr1	182200	0	2900	0
chr1	182300	0	2900	0
chr1	182400	0	2986	0
chr1	182500	0	3000	0
chr1	182600	0	3000	0
chr1	182700	0	3000	0
chr1	182800	0	3000	0
chr1	182900	0	3000	0
chr1	183000	0	3000	0
chr1	183100	0	3000	0
chr1	183200	0	3000	0
chr1	183300	0	3000	0
chr1	183400	0	3000	0
chr1	183500	0	3000	0
chr1	183600	0	3000	0
chr1	183700	0	3001	0
chr1	183800	0	3100	0
chr1	183900	0	3100	0
chr1	184000	0	3100	0
chr1	184100	0	3100	0
chr1	184200	0	3152	0
chr1	184300	0	3200	0
chr1	184400	0	3145	0
chr1	184500	0	3097	0
chr1	184600	0	2929	0
chr1	184700	0	2979	0
chr1	184800	0	3032	0
chr1	184900	0	3100	0
chr1	185000	0	3100	0
chr1	185100	0	3100	0
chr1	185200	0	3045	0
chr1	185300	0	2906	0
chr1	185400	0	2900	0
chr1	185500	0	2900	0
chr1	185600	0	2814	0
chr1	185700	0	2800	0
chr1	185800	0	2800	0
chr1	185900	0	2790	0
chr1	186000	0	2700	0
chr1	186100	0	2700	0
chr1	186200	0	2700	0
chr1	186300	0	2688	0
chr1	186400	0	2600	0
chr1	186500	0	2650	0
chr1	186600	0	2800	0
chr1	186700	0	2788	0
chr1	186800	0	2700	0
chr1	186900	0	2700	0
chr1	187000	0	2656	0
chr1	187100	0	2584	0
chr1	187200	0	2595	0
chr1	187300	0	2600	0
chr1	187400	0	2600	0
chr1	187500	0	2600	0
chr1	187600	0	2600	0
chr1	187700	0	2654	0
chr1	187800	0	2755	0
chr1	187900	0	2712	0
chr1	188000	0	2800	0
chr1	188100	0	2800	0
chr1	188200	0	2800	0
chr1	188300	0	2800	0
chr1	188400	0	2800	0
chr1	188500	0	2800	0
chr1	188600	0	2800	0
chr1	188700	0	2800	0
chr1	188800	0	2800	0
chr1	188900	0	2800	0
chr1	189000	0	2800	0
chr1	189100	0	2800	0
chr1	189200	0	2753	0
chr1	189300	0	2700	0
chr1	189400	0	2700	0
chr1	189500	0	2700	0
chr1	189600	0	2700	0
chr1	189700	0	2700	0
chr1	189800	0	2652	0
chr1	189900	0	2600	0
chr1	190000	0	2600	0
chr1	190100	0	2618	0
chr1	190200	0	2700	0
chr1	190300	0	2700	0
chr1	190400	0	2700	0
chr1	190500	0	2789	0
chr1	190600	0	2733	0
chr1	190700	0	2700	0
chr1	190800	0	2700	0
chr1	190900	0	2700	0
chr1	191000	0	2690	0
chr1	191100	0	2521	0
chr1	191200	0	2611	0
chr1	191300	0	2716	0
chr1	191400	0	2644	0
chr1	191500	0	2600	0
chr1	191600	0	2623	0
chr1	191700	0	2700	0
chr1	191800	0	2700	0
chr1	191900	0	2700	0
chr1	192000	0	2700	0
chr1	192100	0	2700	0
chr1	192200	0	2652	0
chr1	192300	0	2583	0
chr1	192400	0	2385	0
chr1	192500	0	2290	0
chr1	192600	0	2356	0
chr1	192700	0	2400	0
chr1	192800	0	2400	0
chr1	192900	0	2400	0
chr1	193000	0	2400	0
chr1	193100	0	2400	0
chr1	193200	0	2398	0
chr1	193300	0	2213	0
chr1	193400	0	2193	0
chr1	193500	0	2100	0
chr1	193600	0	2134	0
chr1	193700	0	2200	0
chr1	193800	0	2200	0
chr1	193900	0	2200	0
chr1	194000	0	2165	0
chr1	194100	0	2100	0
chr1	194200	0	2100	0
chr1	194300	0	2100	0
chr1	194400	0	2100	0
chr1	194500	0	2100	0
chr1	194600	0	2141	0
chr1	194700	0	2200	0
chr1	194800	0	2200	0
chr1	194900	0	2200	0
chr1	195000	0	2200	0
chr1	195100	0	2200	0
chr1	195200	0	2200	0
chr1	195300	0	2200	0
chr1	195400	0	2205	0
chr1	195500	0	2212	0
chr1	195600	0	2261	0
chr1	195700	0	2224	0
chr1	195800	0	2200	0
chr1	195900	0	2200	0
chr1	196000	0	2128	0
chr1	196100	0	2100	0
chr1	196200	0	2123	0
chr1	196300	0	2200	0
chr1	196400	0	2200	0
chr1	196500	0	2121	0
chr1	196600	0	2100	0
chr1	196700	0	2194	0
chr1	196800	0	2200	0
chr1	196900	0	2200	0
chr1	197000	0	2200	0
chr1	197100	0	2200	0
chr1	197200	0	2209	0
chr1	197300	0	2390	0
chr1	197400	0	2400	0
chr1	197500	0	2373	0
chr1	197600	0	2300	0
chr1	197700	0	2300	0
chr1	197800	0	2217	0
chr1	197900	0	2109	0
chr1	198000	0	2100	0
chr1	198100	0	2100	0
chr1	198200	0	2100	0
chr1	198300	0	2085	0
chr1	198400	0	2053	0
chr1	198500	0	2100	0
chr1	198600	0	2100	0
chr1	198700	0	2100	0
chr1	198800	0	2080	0
chr1	198900	0	2000	0
chr1	199000	0	2000	0
chr1	199100	0	2000	0
chr1	199200	0	2000	0
chr1	199300	0	2000	0
chr1	199400	0	2000	0
chr1	199500	0	1910	0
chr1	199600	0	1800	0
chr1	199700	0	1800	0
chr1	199800	0	1800	0
chr1	199900	0	1800	0
chr1	200000	0	1800	0
chr1	200100	0	1800	0
chr1	200200	0	1800	0
chr1	200300	0	1800	0
chr1	200400	0	1800	0
chr1	200500	0	1800	0
chr1	200600	0	1800	0
chr1	200700	0	1800	0
chr1	200800	0	1800	0
chr1	200900	0	1800	0
chr1	201000	0	1800	0
chr1	201100	0	1800	0
chr1	201200	0	1800	0
chr1	201300	0	1800	0
chr1	201400	0	1864	0
chr1	201500	0	1863	0
chr1	201600	0	1800	0
chr1	201700	0	1800	0
chr1	201800	0	1758	0
chr1	201900	0	1700	0
chr1	202000	0	1700	0
chr1	202100	0	1700	0
chr1	202200	0	1647	0
chr1	202300	0	1600	0
chr1	202400	0	1585	0
chr1	202500	0	1500	0
chr1	202600	0	1500	0
chr1	202700	0	1473	0
chr1	202800	0	1400	0
chr1	202900	0	1400	0
chr1	203000	0	1400	0
chr1	203100	0	1400	0
chr1	203200	0	1544	0
chr1	203300	0	1600	0
chr1	203400	0	1600	0
chr1	203500	0	1500	0
chr1	203600	0	1500	0
chr1	203700	0	1500	0
chr1	203800	0	1500	0
chr1	203900	0	1484	0
chr1	204000	0	1436	0
chr1	204100	0	1559	0
chr1	204200	0	1600	0
chr1	204300	0	1600	0
chr1	204400	0	1600	0
chr1	204500	0	1569	0
chr1	204600	0	1500	0
chr1	204700	0	1564	0
chr1	204800	0	1600	0
chr1	204900	0	1600	0
chr1	205000	0	1600	0
chr1	205100	0	1600	0
chr1	205200	0	1600	0
chr1	205300	0	1600	0
chr1	205400	0	1513	0
chr1	205500	0	1500	0
chr1	205600	0	1477	0
chr1	205700	0	1419	0
chr1	205800	0	1500	0
chr1	205900	0	1580	0
chr1	206000	0	1600	0
chr1	206100	0	1600	0
chr1	206200	0	1600	0
chr1	206300	0	1600	0
chr1	206400	0	1628	0
chr1	206500	0	1688	0
chr1	206600	0	1600	0
chr1	206700	0	1600	0
chr1	206800	0	1600	0
chr1	206900	0	1642	0
chr1	207000	0	1700	0
chr1	207100	0	1700	0
chr1	207200	0	1700	0
chr1	207300	0	1736	0
chr1	207400	0	1800	0
chr1	207500	0	1716	0
chr1	207600	0	1700	0
chr1	207700	0	1700	0
chr1	207800	0	1700	0
chr1	207900	0	1672	0
chr1	208000	0	1605	0
chr1	208100	0	1700	0
chr1	208200	0	1676	0
chr1	208300	0	1600	0
chr1	208400	0	1600	0
chr1	208500	0	1551	0
chr1	208600	0	1500	0
chr1	208700	0	1500	0
chr1	208800	0	1500	0
chr1	208900	0	1500	0
chr1	209000	0	1500	0
chr1	209100	0	1500	0
chr1	209200	0	1500	0
chr1	209300	0	1500	0
chr1	209400	0	1500	0
chr1	209500	0	1500	0
chr1	209600	0	1500	0
chr1	209700	0	1500	0
chr1	209800	0	1500	0
chr1	209900	0	1500	0
chr1	210000	0	1500	0
chr1	210100	0	1393	0
chr1	210200	0	1347	0
chr1	210300	0	1400	0
chr1	210400	0	1400	0
chr1	210500	0	1400	0
chr1	210600	0	1400	0
chr1	210700	0	1400	0
chr1	210800	0	1400	0
chr1	210900	0	1400	0
chr1	211000	0	1400	0
chr1	211100	0	1400	0
chr1	211200	0	1400	0
chr1	211300	0	1400	0
chr1	211400	0	1400	0
chr1	211500	0	1485	0
chr1	211600	0	1500	0
chr1	211700	0	1500	0
chr1	211800	0	1500	0
chr1	211900	0	1500	0
chr1	212000	0	1500	0
chr1	212100	0	1500	0
chr1	212200	0	1500	0
chr1	212300	0	1500	0
chr1	212400	0	1500	0
chr1	212500	0	1500	0
chr1	212600	0	1500	0
chr1	212700	0	1500	0
chr1	212800	0	1500	0
chr1	212900	0	1500	0
chr1	213000	0	1495	0
chr1	213100	0	1400	0
chr1	213200	0	1400	0
chr1	213300	0	1400	0
chr1	213400	0	1400	0
chr1	213500	0	1400	0
chr1	213600	0	1400	0
chr1	213700	0	1400	0
chr1	213800	0	1400	0
chr1	213900	0	1400	0
chr1	214000	0	1400	0
chr1	214100	0	1400	0
chr1	214200	0	1400	0
chr1	214300	0	1400	0
chr1	214400	0	1400	0
chr1	214500	0	1325	0
chr1	214600	0	1300	0
chr1	214700	0	1300	0
chr1	214800	0	1293	0
chr1	214900	0	1200	0
chr1	215000	0	1200	0
chr1	215100	0	1200	0
chr1	215200	0	1200	0
chr1	215300	0	1200	0
chr1	215400	0	1200	0
chr1	215500	0	1200	0
chr1	215600	0	1200	0
chr1	215700	0	1073	0
chr1	215800	0	900	0
chr1	215900	0	900	0
chr1	216000	0	900	0
chr1	216100	0	900	0
chr1	216200	0	900	0
chr1	216300	0	900	0
chr1	216400	0	900	0
chr1	216500	0	900	0
chr1	216600	0	900	0
chr1	216700	0	900	0
chr1	216800	0	900	0
chr1	216900	0	900	0
chr1	217000	0	899	0
chr1	217100	0	800	0
chr1	217200	0	800	0
chr1	217300	0	800	0
chr1	217400	0	800	0
chr1	217500	0	800	0
chr1	217600	0	800	0
chr1	217700	0	717	0
chr1	217800	0	700	0
chr1	217900	0	700	0
chr1	218000	0	700	0
chr1	218100	0	630	0
chr1	218200	0	600	0
chr1	218300	0	600	0
chr1	218400	0	600	0
chr1	218500	0	521	0
chr1	218600	0	500	0
chr1	218700	0	500	0
chr1	218800	0	500	0
chr1	218900	0	500	0
chr1	219000	0	500	0
chr1	219100	0	395	0
chr1	219200	0	300	0
chr1	219300	0	300	0
chr1	219400	0	293	0
chr1	219500	0	300	0
chr1	219600	0	300	0
chr1	219700	0	300	0
chr1	219800	0	300	0
chr1	219900	0	300	0
chr1	220000	0	300	0
chr1	220100	0	300	0
chr1	220200	0	300	0
chr1	220300	0	300	0
chr1	220400	0	222	0
chr1	220500	0	200	0
chr1	220600	0	200	0
chr1	220700	0	200	0
chr1	220800	0	200	0
chr1	220900	0	200	0
chr1	221000	0	200	0
chr1	221100	0	200	0
chr1	221200	0	200	0
chr1	221300	0	200	0
chr1	221400	0	200	0
chr1	221500	0	200	0
chr1	221600	0	200	0
chr1	221700	0	200	0
chr1	221800	0	200	0
chr1	221900	0	140	0
chr1	222000	0	100	0
chr1	222100	0	100	0
chr1	222200	0	100	0
chr1	222300	0	100	0
chr1	222400	0	100	0
chr1	222500	0	100	0
chr1	222600	0	100	0
chr1	222700	0	100	0
chr1	222800	0	100	0
chr1	222900	0	100	0
chr1	223000	0	100	0
chr1	223100	0	100	0
chr1	223200	0	4	0
chr1	223300	0	0	0
chr1	223400	0	0	0
chr1	223500	0	0	0
chr1	223600	0	0	0
